Date,selected_monthly_rebalance_equity,universe_equal_weight_equity
2021-01-05,0.9951704890192173,1.0105747604947193
2021-01-06,0.996049927367499,1.0252651227348357
2021-01-07,1.0059596807238815,1.0340835638607155
2021-01-08,1.0084815551344202,1.0352838749661695
2021-01-11,0.9900857620777752,1.0257555444911104
2021-01-12,0.9851895733155753,1.0402635431137173
2021-01-13,0.9892378337867979,1.0411196941488858
2021-01-14,0.9816838929739561,1.049443398394114
2021-01-15,0.973294114996439,1.0276754297731852
2021-01-19,0.9851479759951419,1.0424772516532592
2021-01-20,1.010370380038147,1.057354675874729
2021-01-21,1.0159843904346744,1.0472429828207757
2021-01-22,1.0119103099501379,1.0418120109080324
2021-01-25,1.0229611017738176,1.0418689025934724
2021-01-26,1.0269515609279292,1.0327163297622917
2021-01-27,1.0066038109900057,1.015029306995076
2021-01-28,1.0070294754004814,1.0253182088259178
2021-01-29,0.9891756557605589,1.000786207120988
2021-02-01,1.004577805089207,1.014040440919163
2021-02-02,1.0171660146289787,1.0306530673088026
2021-02-03,1.0326035182741597,1.04834192900872
2021-02-04,1.0489255928923367,1.0654595691646918
2021-02-05,1.0573382214574218,1.0734280739060889
2021-02-08,1.0636286704727895,1.0974667166516259
2021-02-09,1.0609348534367082,1.0899320531306576
2021-02-10,1.0578159227145556,1.0956133098922376
2021-02-11,1.0713298307675037,1.1006485156140833
2021-02-12,1.0692744624597197,1.1056505379691497
2021-02-16,1.0690592120311602,1.1154344077942298
2021-02-17,1.0786436981539402,1.12324983726551
2021-02-18,1.0833456931995307,1.1191822338065975
2021-02-19,1.0748024607340871,1.1188271291315441
2021-02-22,1.0658467095997792,1.128550644533595
2021-02-23,1.0650667421236786,1.1296211400245675
2021-02-24,1.0742392548605915,1.1533091550165884
2021-02-25,1.0497112087822942,1.1283245838235019
2021-02-26,1.0409660836906653,1.1124603107303452
2021-03-01,1.0730193933827208,1.1445395421135973
2021-03-02,1.0686316292353848,1.1434550165950779
2021-03-03,1.0591704349396656,1.1484623813734198
2021-03-04,1.052008595397023,1.1513619647871691
2021-03-05,1.0787417327144264,1.1831387703539091
2021-03-08,1.0687014828080572,1.1778975305125308
2021-03-09,1.079427528096828,1.1707455324887324
2021-03-10,1.084788990722824,1.1846046860566148
2021-03-11,1.08963500311809,1.192701060482552
2021-03-12,1.0851411735252265,1.191934279106011
2021-03-15,1.0965135467627367,1.1913499413678357
2021-03-16,1.1005359725854034,1.1832258204878947
2021-03-17,1.0999048926897415,1.1891298399852694
2021-03-18,1.0753147578450608,1.1614452564534308
2021-03-19,1.0648040288857468,1.1592058030311116
2021-03-22,1.0723954894487715,1.1569458328134405
2021-03-23,1.0694379426084628,1.1463925695661679
2021-03-24,1.063438287036572,1.1505337310320591
2021-03-25,1.0724782019727885,1.1609944376516086
2021-03-26,1.0845365640058975,1.1813974962870144
2021-03-29,1.0939716298103157,1.1822426480645793
2021-03-30,1.0835444058879813,1.1784504348320453
2021-03-31,1.0838409635725603,1.171065200444184
2021-04-01,1.0995701531709776,1.1885475439582724
2021-04-05,1.1200626628554433,1.1920805370871337
2021-04-06,1.1223836023901148,1.1930450438578992
2021-04-07,1.1268047007341577,1.1979460008370064
2021-04-08,1.13557182007662,1.1970822590991712
2021-04-09,1.1404562382265082,1.2004749305044822
2021-04-12,1.1384960561360198,1.1967793122500963
2021-04-13,1.14672785636344,1.1978678894864425
2021-04-14,1.1422630067303634,1.206984811551309
2021-04-15,1.1550011757646603,1.2074983350487323
2021-04-16,1.1573689644418428,1.2091247500072642
2021-04-19,1.1565432379191853,1.209453024202495
2021-04-20,1.155133984117802,1.1940656126999007
2021-04-21,1.1645473706280538,1.2117026335312857
2021-04-22,1.158392910096618,1.2031464646637418
2021-04-23,1.1694395784386284,1.2126685126325223
2021-04-26,1.163320689257412,1.2146482555168447
2021-04-27,1.1622679460375667,1.2177209487843197
2021-04-28,1.159815153785349,1.2265722679565687
2021-04-29,1.1868797701737475,1.2486133171232445
2021-04-30,1.1777394033110005,1.2331005140491218
2021-05-03,1.185083087888706,1.246080189697555
2021-05-04,1.1767229144812557,1.2413918053459183
2021-05-05,1.175639944260704,1.2522213265705002
2021-05-06,1.1878150674391232,1.2604430393571535
2021-05-07,1.2003971181776036,1.2739027155636895
2021-05-10,1.1847160505453842,1.2618280578804815
2021-05-11,1.1670024189328065,1.232963270900435
2021-05-12,1.1418413696016008,1.219918565228658
2021-05-13,1.1655762743199938,1.2294080186085201
2021-05-14,1.1804896122525368,1.2521694376902752
2021-05-17,1.17435470102169,1.2575701689077212
2021-05-18,1.1604717896792678,1.2399831489238902
2021-05-19,1.1613915386883114,1.232005133124528
2021-05-20,1.1737963728643226,1.2398598584811888
2021-05-21,1.172550348053229,1.2432866530899935
2021-05-24,1.1866536930596363,1.2566018181524605
2021-05-25,1.1838972166015906,1.2466838173520969
2021-05-26,1.1850973543098233,1.252093310455308
2021-05-27,1.1848961672836824,1.257995367890419
2021-05-28,1.1859629265560399,1.2583640748600606
2021-06-01,1.1881577683125857,1.279565885226206
2021-06-02,1.1926842338714045,1.2879849201302938
2021-06-03,1.1892134898362647,1.2878620416032793
2021-06-04,1.1986747846098151,1.295222797222556
2021-06-07,1.1937846454953909,1.2916462458601436
2021-06-08,1.1963108600334345,1.2931621010144905
2021-06-09,1.1916996553192978,1.2818984381139542
2021-06-10,1.1901891135744793,1.2793769310294536
2021-06-11,1.2003444339661566,1.287136867699443
2021-06-14,1.2059737161367656,1.287475558345629
2021-06-15,1.206622946544446,1.296491239841885
2021-06-16,1.1978701018042157,1.294747228329796
2021-06-17,1.1960944150680306,1.2738787973456867
2021-06-18,1.174873593967597,1.2476218067730873
2021-06-21,1.1926216802629266,1.2772312273043818
2021-06-22,1.1980393623384273,1.283628776815779
2021-06-23,1.193713371502222,1.2861074465781746
2021-06-24,1.2007698289297881,1.2985555348627063
2021-06-25,1.2057777058639656,1.309546693038156
2021-06-28,1.2055225129332248,1.2947806648634552
2021-06-29,1.205562176391766,1.2913060016305073
2021-06-30,1.205712806308182,1.2949260847913326
2021-07-01,1.2115710076275454,1.3087699012100418
2021-07-02,1.2222321898676318,1.3137682647375695
2021-07-06,1.2242686827476716,1.3005903049286685
2021-07-07,1.2362221849981387,1.3023358702001488
2021-07-08,1.2219288454736308,1.2889003835450552
2021-07-09,1.2363791489852727,1.3092787459128223
2021-07-12,1.239714382443219,1.3134677981295924
2021-07-13,1.2360381138470549,1.3095449318082035
2021-07-14,1.2450128827962361,1.301624186823124
2021-07-15,1.2465521182689268,1.2993322016631006
2021-07-16,1.2451729480606764,1.2837484547446407
2021-07-19,1.2210920633844757,1.2520163166096538
2021-07-20,1.2450553712288284,1.2752808993669378
2021-07-21,1.249944919816632,1.2982288219124392
2021-07-22,1.2486986536183962,1.292386105416475
2021-07-23,1.2632322417293114,1.2999767639907853
2021-07-26,1.2683408841800232,1.3091635444315703
2021-07-27,1.261484308720586,1.301226679531575
2021-07-28,1.2576808473576029,1.3003087572482306
2021-07-29,1.2599212914585827,1.306735281289856
2021-07-30,1.2561512770217178,1.2982879158326142
2021-08-02,1.2610712938222481,1.2964043209622824
2021-08-03,1.2713785437001,1.3080867629668764
2021-08-04,1.258305596944215,1.2911738757015299
2021-08-05,1.263902466755623,1.3024128702022117
2021-08-06,1.2658927393123722,1.310781899444539
2021-08-09,1.2682260413234892,1.307207249427426
2021-08-10,1.2702560508757048,1.3157588971324663
2021-08-11,1.2757802660485038,1.3249238758959134
2021-08-12,1.2801510043846536,1.3262905234444462
2021-08-13,1.287644620208342,1.3213162620213503
2021-08-16,1.2978520646416545,1.319317862919417
2021-08-17,1.2914199614272424,1.3100479278803605
2021-08-18,1.2702886679963108,1.2876113362024666
2021-08-19,1.2726668991982653,1.2746044642147636
2021-08-20,1.2792791305005065,1.2777760802911668
2021-08-23,1.2878849450327188,1.2960329239588506
2021-08-24,1.287257875358059,1.3036537745725414
2021-08-25,1.289884146789061,1.313486089032226
2021-08-26,1.27854432266076,1.3005187675140282
2021-08-27,1.2916916956636892,1.3222171698908538
2021-08-30,1.2975459509005192,1.318000364244104
2021-08-31,1.2973941682196939,1.3200036447095036
2021-09-01,1.299921578050647,1.3146204691474124
2021-09-02,1.3006321784641495,1.3239925543973248
2021-09-03,1.3012463140149093,1.3184762113792148
2021-09-07,1.3001801138156521,1.3147832911346882
2021-09-08,1.3077645360014662,1.3132702583848266
2021-09-09,1.3006570741359502,1.309626476541992
2021-09-10,1.2843937101451202,1.2978157110812152
2021-09-13,1.2924034851394532,1.3185705587032683
2021-09-14,1.2850472127563566,1.305548116013522
2021-09-15,1.2919642236568494,1.3227300257526349
2021-09-16,1.2915540404338353,1.3194964841478387
2021-09-17,1.273973673800574,1.3069143262620158
2021-09-20,1.2579051923289364,1.280846658843895
2021-09-21,1.254852349136834,1.2813311912944658
2021-09-22,1.264922678849256,1.3037013706441651
2021-09-23,1.274832274826803,1.3273229341800892
2021-09-24,1.275851258969359,1.332105575331457
2021-09-27,1.2712165927466,1.3463765267600603
2021-09-28,1.241205702605915,1.3241883854755057
2021-09-29,1.2503312457947304,1.3288986887240959
2021-09-30,1.2348867110436066,1.31003295683076
2021-10-01,1.2468789315713216,1.3353959980779944
2021-10-04,1.227736884686101,1.3282217530659683
2021-10-05,1.2428986226245897,1.346415454208962
2021-10-06,1.2531878654945536,1.3482531892922542
2021-10-07,1.262475754659305,1.3573253756193533
2021-10-08,1.2665764935447756,1.3693307442656786
2021-10-11,1.2632576034853227,1.3626211077117354
2021-10-12,1.2555298442562892,1.3573200893823136
2021-10-13,1.257905799374315,1.3503880523580762
2021-10-14,1.2813175412151319,1.372214759501527
2021-10-15,1.278496535450313,1.3773692623090024
2021-10-18,1.2802257736248441,1.382921766722748
2021-10-19,1.2942893679640652,1.394780122763015
2021-10-20,1.2931593413924365,1.402640997364407
2021-10-21,1.2939652232875694,1.3958065392164727
2021-10-22,1.291101589525567,1.4104155929310727
2021-10-25,1.2919272170351885,1.4131978491508685
2021-10-26,1.3005400390579138,1.419690256044651
2021-10-27,1.3180917252948188,1.4161958687899174
2021-10-28,1.3420917985530856,1.4335036264566767
2021-10-29,1.334272306152244,1.4299552752178042
2021-11-01,1.3201844223533052,1.4279709384614856
2021-11-02,1.3232263613220472,1.4259564397070026
2021-11-03,1.3298755840366574,1.427876579862076
2021-11-04,1.3290080545016478,1.4252707797251023
2021-11-05,1.3387978227690385,1.433627973136556
2021-11-08,1.3314271840964067,1.436495167184511
2021-11-09,1.3386613780533025,1.4380145736900787
2021-11-10,1.3252993889065119,1.4232436058308795
2021-11-11,1.3220313989313572,1.4236062203689348
2021-11-12,1.3320848492150226,1.4273275884398569
2021-11-15,1.3368978710046107,1.4341217016009309
2021-11-16,1.3409374848636344,1.4335729075716275
2021-11-17,1.3373810911821555,1.4226021527785062
2021-11-18,1.338245507207097,1.4167649924308647
2021-11-19,1.3306384803574636,1.3968891654848477
2021-11-22,1.32972052196742,1.4046171973108124
2021-11-23,1.3365076614041167,1.4247886576564484
2021-11-24,1.33684359879673,1.426336075021948
2021-11-26,1.304457293802725,1.373236797879424
2021-11-29,1.3255767241797407,1.3889984988794433
2021-11-30,1.3060067551522156,1.3617662350231052
2021-12-01,1.284703037434688,1.3421941737115402
2021-12-02,1.3060989883345857,1.3721100269231894
2021-12-03,1.300115377281649,1.3632004358284024
2021-12-06,1.3218122821073088,1.3883889227646553
2021-12-07,1.3502615610113793,1.4192780050172038
2021-12-08,1.3488312956754511,1.4169654076050355
2021-12-09,1.3479616474803693,1.4136773622868042
2021-12-10,1.3664350683337603,1.4290028494570133
2021-12-13,1.358361345004091,1.4122081005975917
2021-12-14,1.353595049014452,1.4092684198306469
2021-12-15,1.372854200629625,1.416914289115884
2021-12-16,1.3697360700182803,1.4214555491143215
2021-12-17,1.3489719419554205,1.3968987616899107
2021-12-20,1.334453711691954,1.3778138733331908
2021-12-21,1.3461261333285666,1.4025948577407255
2021-12-22,1.360796175104871,1.415249532282091
2021-12-23,1.368648365165893,1.4213743949994928
2021-12-27,1.3837800872099832,1.4379568671786758
2021-12-28,1.3831547780731783,1.437351987149172
2021-12-29,1.3832357463846696,1.4350206539191528
2021-12-30,1.3727556875563174,1.4270831661311647
2021-12-31,1.3710477704473683,1.4266257229512411
2022-01-03,1.3724415602603688,1.4495154574942968
2022-01-04,1.3815820203504596,1.4805614673731928
2022-01-05,1.3515911406871055,1.4556424355238753
2022-01-06,1.3513285847610153,1.464585608456327
2022-01-07,1.3567448261966442,1.4757453571356065
2022-01-10,1.349194190674077,1.466997848688298
2022-01-11,1.3628826958203761,1.4905770564873808
2022-01-12,1.3662519969729374,1.4902771450663401
2022-01-13,1.3501673603585482,1.4778845932255629
2022-01-14,1.3474736162677787,1.479255773180609
2022-01-18,1.3227541030601,1.4601012066176968
2022-01-19,1.3114843277409933,1.4491480859540675
2022-01-20,1.3047832972634583,1.438200542809079
2022-01-21,1.291186915894816,1.4187771920076748
2022-01-24,1.2934708043421272,1.419277914937499
2022-01-25,1.2643134865819459,1.4359715675912752
2022-01-26,1.2677551777277687,1.4419575816058408
2022-01-27,1.266254080970238,1.440751757147148
2022-01-28,1.305817614674469,1.4678586984621051
2022-01-31,1.3202077594377315,1.4807087056215773
2022-02-01,1.331111612970595,1.5016306870324612
2022-02-02,1.367500388100586,1.5259923328955503
2022-02-03,1.344284843519864,1.512615327699253
2022-02-04,1.34020291698088,1.521156435366382
2022-02-07,1.3211060085269417,1.5180283595957043
2022-02-08,1.3331080287119699,1.525164378521044
2022-02-09,1.3449304860295876,1.5363347527719817
2022-02-10,1.3327850830692605,1.5283377984694027
2022-02-11,1.303085034035256,1.513934573275055
2022-02-14,1.2953596726592072,1.5007745146297338
2022-02-15,1.3112126370873298,1.5099687813757234
2022-02-16,1.3299451818546295,1.519974673458911
2022-02-17,1.3150668756125128,1.507363434488215
2022-02-18,1.3147835955511895,1.505872246546404
2022-02-22,1.3196634670025396,1.4989732387990555
2022-02-23,1.3007702673107566,1.486311269887194
2022-02-24,1.308289545569484,1.483728380831219
2022-02-25,1.3320895502178245,1.5174149453271135
2022-02-28,1.324565608207783,1.5330015457767643
2022-03-01,1.3108146770818012,1.522209066464515
2022-03-02,1.3290670777407954,1.5479676337544643
2022-03-03,1.3345232018047533,1.5493303912681056
2022-03-04,1.3250525758464378,1.562153474949533
2022-03-07,1.2921442254400775,1.5177914300606667
2022-03-08,1.2788042913211086,1.5116251173194406
2022-03-09,1.3130103581124897,1.5549669187947124
2022-03-10,1.2914467908132439,1.5447829452346498
2022-03-11,1.271831027269029,1.5299119449321212
2022-03-14,1.2608469399093185,1.523910392567666
2022-03-15,1.283284176349423,1.5336367334690006
2022-03-16,1.3090661759639104,1.5525330089992906
2022-03-17,1.3192935399324108,1.583939427281455
2022-03-18,1.336631450557129,1.5935127097388984
2022-03-21,1.3371447129216913,1.6097474847668434
2022-03-22,1.356707663673489,1.625026325692198
2022-03-23,1.3504173984251149,1.613968745354232
2022-03-24,1.3715194777892974,1.625335152004421
2022-03-25,1.384172519441364,1.6436287061773502
2022-03-28,1.3894558424075834,1.6379612281898317
2022-03-29,1.3982002357366645,1.6428422311933646
2022-03-30,1.396521484254205,1.6424645853762672
2022-03-31,1.3804619576367698,1.6185335800895484
2022-04-01,1.391732499150862,1.631592163237684
2022-04-04,1.40149748941971,1.6358581247044914
2022-04-05,1.3879166827947804,1.6161498545134725
2022-04-06,1.3770042295199498,1.61071821155856
2022-04-07,1.3799903658775434,1.6181458744094495
2022-04-08,1.3798148066085516,1.6356489459512207
2022-04-11,1.3577842112676357,1.6022765743130452
2022-04-12,1.3548490725160227,1.6056102556645633
2022-04-13,1.3689441372712485,1.620484899984161
2022-04-14,1.3486543778396025,1.6045640863219444
2022-04-18,1.3511221685508015,1.6206479298765066
2022-04-19,1.3645913626985438,1.631142828920602
2022-04-20,1.36960624827451,1.6414753889018752
2022-04-21,1.3599472913634743,1.6172106663942754
2022-04-22,1.3228605006066358,1.5720610731261464
2022-04-25,1.3354910009770622,1.5750986193468985
2022-04-26,1.3009972526193625,1.543173581758644
2022-04-27,1.3042052233106365,1.5464398773016315
2022-04-28,1.3365593376067517,1.5827828877478165
2022-04-29,1.2965567747447064,1.5337436870613357
2022-05-02,1.284548852744449,1.5350807202135452
2022-05-03,1.3012143967221204,1.5539191224174618
2022-05-04,1.3433053208210153,1.6062354280834985
2022-05-05,1.2957471261212807,1.566477940946708
2022-05-06,1.2963891914952541,1.5743512852514148
2022-05-09,1.26630371921087,1.5176889405832188
2022-05-10,1.269621914665616,1.5220636609546339
2022-05-11,1.2520873684043143,1.5131837448427479
2022-05-12,1.2451075466421766,1.5007214272114064
2022-05-13,1.271576013704564,1.5404762004913608
2022-05-16,1.2648792868648995,1.5466215538004777
2022-05-17,1.280360745032671,1.5676801477021458
2022-05-18,1.2145456699236845,1.4935368625610759
2022-05-19,1.2007465433610627,1.4764172872957124
2022-05-20,1.2024421647079364,1.4758476432402245
2022-05-23,1.23046389346285,1.5204101342116554
2022-05-24,1.2165723905333206,1.5104420506507317
2022-05-25,1.21719138335477,1.5219730691838578
2022-05-26,1.218435070477977,1.5376577407812695
2022-05-27,1.2538842261732288,1.572734137857662
2022-05-31,1.2514185407547969,1.561434423937009
2022-06-01,1.2285831594506522,1.5453543311287616
2022-06-02,1.2463221453699214,1.5595579632046297
2022-06-03,1.2208873972622645,1.5411329981033635
2022-06-06,1.2332201262844702,1.546518137075128
2022-06-07,1.2468192142446466,1.5634175600940214
2022-06-08,1.23921986819955,1.5506930520678124
2022-06-09,1.2157751074006358,1.5112578999220907
2022-06-10,1.1889623564436071,1.4767708490729683
2022-06-13,1.1490702501459409,1.422797689926028
2022-06-14,1.1456800570517773,1.4182266338395613
2022-06-15,1.1627479990812803,1.427173818010755
2022-06-16,1.126129488065804,1.3780200299916785
2022-06-17,1.1304304808871957,1.379455111141579
2022-06-21,1.1575253106057397,1.4147077540585364
2022-06-22,1.1621462988855689,1.4058587782608967
2022-06-23,1.1766450319826574,1.407030987399111
2022-06-24,1.2139064345608328,1.4433247394636284
2022-06-27,1.2116802689752226,1.4462997179194226
2022-06-28,1.1839231581533345,1.4350009868532618
2022-06-29,1.1883222672759315,1.4252773475435145
2022-06-30,1.1826850434782474,1.4160375121641107
2022-07-01,1.1932892411016633,1.434912661495236
2022-07-05,1.203226265375968,1.4292858661675327
2022-07-06,1.2120733800526116,1.4302258505461982
2022-07-07,1.2288362523473828,1.4545261229793858
2022-07-08,1.2303909493390406,1.453758252536329
2022-07-11,1.2209176676830564,1.4409434430351966
2022-07-12,1.2111473249522118,1.4248243792858761
2022-07-13,1.205128970396237,1.4191232519876078
2022-07-14,1.1963703956498157,1.403255164243868
2022-07-15,1.2042456919525089,1.430032601995864
2022-07-18,1.191429145682584,1.4256407342032822
2022-07-19,1.223170200024618,1.4686558466861004
2022-07-20,1.2238930195710251,1.4715039245735464
2022-07-21,1.2297735569121575,1.4725044806788703
2022-07-22,1.2160768998280629,1.4632105487790554
2022-07-25,1.2138305705475119,1.4777247629384296
2022-07-26,1.2057471156004462,1.4619207989827006
2022-07-27,1.2224034148326919,1.4792981137236445
2022-07-28,1.2399268492940079,1.492464731891381
2022-07-29,1.2577933366930032,1.5282108671773413
2022-08-01,1.2500833988818094,1.5189642163627985
2022-08-02,1.2452131989408584,1.507508401039392
2022-08-03,1.2665876211433582,1.5146448778568653
2022-08-04,1.2661549185403227,1.501235706260268
2022-08-05,1.2664736731911532,1.5104032246417076
2022-08-08,1.2699992155440338,1.5116277618375813
2022-08-09,1.2751223477717246,1.526208163326156
2022-08-10,1.3024555039343855,1.5541940660491502
2022-08-11,1.2991188967826062,1.5661894755173615
2022-08-12,1.319899520866547,1.5846655269050858
2022-08-15,1.3200181259357373,1.5797233953853456
2022-08-16,1.3238514628431175,1.5825262339753585
2022-08-17,1.3192003487231134,1.5769596540032835
2022-08-18,1.3214863688559384,1.5868589703838216
2022-08-19,1.3030486741152496,1.5841960685083607
2022-08-22,1.2795909390067497,1.5539362675696824
2022-08-23,1.2750082567007455,1.5653274012494096
2022-08-24,1.276135007470837,1.5720649861122185
2022-08-25,1.2948298311309105,1.5906984018446568
2022-08-26,1.2513420230059131,1.5471445962104649
2022-08-29,1.2415508506229624,1.5415969729036925
2022-08-30,1.2265993473564882,1.521460837222474
2022-08-31,1.2191393625511218,1.5064390739308018
2022-09-01,1.231589734725375,1.5063998284135973
2022-09-02,1.2177872230173845,1.497449573025991
2022-09-06,1.2166441890123476,1.4891653490085484
2022-09-07,1.2338669931162993,1.5032775405036787
2022-09-08,1.2239796674579424,1.5018163682450578
2022-09-09,1.2391318009414576,1.5241688329364376
2022-09-12,1.2566327128511907,1.545844524044566
2022-09-13,1.2003520760323023,1.4875661987155369
2022-09-14,1.1998846251349233,1.4962413012727305
2022-09-15,1.1845560152403594,1.4801889591007278
2022-09-16,1.1771078098591372,1.4656067363562038
2022-09-19,1.1847295446279462,1.4771265825046231
2022-09-20,1.1675568299072112,1.4607006599868277
2022-09-21,1.1520646484173902,1.436067465535918
2022-09-22,1.1403009461575038,1.418152250265693
2022-09-23,1.1293472658514063,1.3871702569666817
2022-09-26,1.1186575586100553,1.367379384693549
2022-09-27,1.1151433404980784,1.3613175761175385
2022-09-28,1.127419455347465,1.386818969122802
2022-09-29,1.109490776155092,1.3708511685106257
2022-09-30,1.0920060101620712,1.351296222322596
2022-10-03,1.122783651372163,1.3942796300380151
2022-10-04,1.1545515778494857,1.4355406754534532
2022-10-05,1.1489316555605973,1.4317922965507281
2022-10-06,1.1351821886991718,1.4245514202389145
2022-10-07,1.105390812940659,1.3952746392198374
2022-10-10,1.1091700556210464,1.3845932257370173
2022-10-11,1.109955549750933,1.3777832164346684
2022-10-12,1.1100260552968024,1.3820365923917584
2022-10-13,1.1365096537622266,1.4270629693523749
2022-10-14,1.111123089774996,1.396909458191109
2022-10-17,1.1359423385037297,1.4300503430625595
2022-10-18,1.1486044871602723,1.4519437230023677
2022-10-19,1.1453691491875932,1.4488268494268641
2022-10-20,1.1307658599825656,1.436466050806518
2022-10-21,1.1496438698042635,1.4623039773304125
2022-10-24,1.1740631687937813,1.4832706724590379
2022-10-25,1.1964291703959944,1.5100392953511463
2022-10-26,1.1715196968134283,1.5015279397177945
2022-10-27,1.1722928466103864,1.5025253841101158
2022-10-28,1.2211693458097856,1.5434922896945276
2022-10-31,1.206556710275967,1.5317287731528135
2022-11-01,1.1883829305091858,1.5225713902790892
2022-11-02,1.1590176747037857,1.4887935083647006
2022-11-03,1.1366229066221973,1.4735751891494588
2022-11-04,1.1482968938865095,1.4958934230209182
2022-11-07,1.16319825744916,1.5167090649956227
2022-11-08,1.1675916428269424,1.5210897561598127
2022-11-09,1.1468320231520537,1.478528337882631
2022-11-10,1.2152046125772695,1.5517907251242304
2022-11-11,1.2274561628155651,1.574907994909753
2022-11-14,1.2075463088899097,1.5550332260993578
2022-11-15,1.2248003656330608,1.5690882121641927
2022-11-16,1.227209178920154,1.5597618443002257
2022-11-17,1.225910552838145,1.556082595940776
2022-11-18,1.2302235042512446,1.5605399713856458
2022-11-21,1.2224163020137464,1.5536801773240767
2022-11-22,1.2387032056341887,1.578341270761744
2022-11-23,1.250299116305863,1.5812994623195806
2022-11-25,1.2478398818080252,1.5781691242049805
2022-11-28,1.2289708385573717,1.550196955332474
2022-11-29,1.2221203422109173,1.553888792584706
2022-11-30,1.2614924721219944,1.592422496395481
2022-12-01,1.2680144281378702,1.5900347673830897
2022-12-02,1.2653333928362154,1.5843122005683221
2022-12-05,1.2465051619756236,1.5544024508615584
2022-12-06,1.2363153978683534,1.5307666338913921
2022-12-07,1.2289970669756132,1.5253408262476482
2022-12-08,1.2314266119719817,1.5257877891514693
2022-12-09,1.2233560563939245,1.511463202979247
2022-12-12,1.2335478777721167,1.5297559805901704
2022-12-13,1.2478776647125949,1.542990640165365
2022-12-14,1.2401542583516607,1.5301537519088135
2022-12-15,1.2028463741611393,1.496358629527305
2022-12-16,1.1927847188889638,1.4814899652124884
2022-12-19,1.1827176203229666,1.4765609981333776
2022-12-20,1.1823907188413247,1.4798710606834127
2022-12-21,1.202785036548015,1.5036555918089687
2022-12-22,1.1889989227117257,1.4839813183190134
2022-12-23,1.1954164637845948,1.5009742025378898
2022-12-27,1.1890156602649935,1.5002858325660815
2022-12-28,1.1709349726439942,1.4785905309607876
2022-12-29,1.196481719220435,1.5022677091615952
2022-12-30,1.1914138130362881,1.5013335028454422
2023-01-03,1.1836591047272205,1.4867931342029317
2023-01-04,1.1964428787553238,1.499567889312227
2023-01-05,1.182174970006766,1.4904388731323
2023-01-06,1.2179317371523983,1.5259365246054595
2023-01-09,1.213815916958123,1.5189816961969518
2023-01-10,1.223510457710765,1.5274416004792535
2023-01-11,1.24679162728855,1.5439003844678614
2023-01-12,1.2499482176724603,1.5509016510406095
2023-01-13,1.2586010191822485,1.560493480121506
2023-01-17,1.254406558920457,1.554534954222415
2023-01-18,1.2345532648170414,1.5270223709903268
2023-01-19,1.2380345094495493,1.527590525124663
2023-01-20,1.262303886354936,1.5557813456379908
2023-01-23,1.2785996588457633,1.5696754592922948
2023-01-24,1.2746090475145462,1.565820483991621
2023-01-25,1.2696564099162306,1.5652749359334457
2023-01-26,1.2811812877492033,1.5871399877625207
2023-01-27,1.2866545222786816,1.5985677249781085
2023-01-30,1.2738456210500833,1.5801888414958976
2023-01-31,1.2906799814245185,1.5967484299377683
2023-02-01,1.2814088630271405,1.5861950925726718
2023-02-02,1.3070891472336374,1.59511428163157
2023-02-03,1.2978173418029888,1.5921443324880182
2023-02-06,1.289217625277164,1.586377773226948
2023-02-07,1.3078688428005125,1.6133519014733189
2023-02-08,1.275433791626266,1.5860289600628028
2023-02-09,1.25493347497145,1.5666891083607277
2023-02-10,1.2604725861365345,1.5787349714699954
2023-02-13,1.2762959854374802,1.5904078305375913
2023-02-14,1.266328868539161,1.5862398861545033
2023-02-15,1.278182951099716,1.5831934992661567
2023-02-16,1.2597326227184136,1.5638526253348468
2023-02-17,1.2557094543626521,1.5555584792373742
2023-02-21,1.2336776867786572,1.5299822234941307
2023-02-22,1.2331496131348594,1.5259735305991582
2023-02-23,1.2321663869441053,1.5294890971401773
2023-02-24,1.2204662416456626,1.5204241359996296
2023-02-27,1.2261019741265613,1.5233870542720267
2023-02-28,1.220930945007811,1.5174410021106166
2023-03-01,1.2123883214930897,1.5156297471726687
2023-03-02,1.219047441331957,1.5214925712640468
2023-03-03,1.2398041384267788,1.5447505481832466
2023-03-06,1.253187173805228,1.5573539792825302
2023-03-07,1.2341894916975595,1.5323130220309416
2023-03-08,1.2316746282718853,1.5306592556419178
2023-03-09,1.2174398739201875,1.502655003353932
2023-03-10,1.2017749267542837,1.4828992277044977
2023-03-13,1.1997846888653587,1.4646794023181584
2023-03-14,1.2198456450301836,1.4890500259365933
2023-03-15,1.2173456018525513,1.4685603639628388
2023-03-16,1.2442032380569208,1.4951475524080304
2023-03-17,1.2328330260951086,1.4744623322301442
2023-03-20,1.2390395725279373,1.4847477456082887
2023-03-21,1.2626582865704372,1.5158660223702307
2023-03-22,1.2426633891266834,1.4894723938281451
2023-03-23,1.243101386516372,1.483824186734267
2023-03-24,1.2525815827923126,1.4908451672570155
2023-03-27,1.2487452406752886,1.5054816592016322
2023-03-28,1.244442864440076,1.5057143989014299
2023-03-29,1.2616356273000646,1.5252845653030231
2023-03-30,1.2653758749085053,1.526467920234407
2023-03-31,1.2806175947162055,1.5411041320125294
2023-04-03,1.2871960950817336,1.558036596328192
2023-04-04,1.2837557525454775,1.5493243842414
2023-04-05,1.2827457987395914,1.547608361711347
2023-04-06,1.2921217889086356,1.5466224148067107
2023-04-10,1.279437866340094,1.5446335028553295
2023-04-11,1.2817003923563122,1.5521749402904863
2023-04-12,1.2795647890579094,1.549158611411751
2023-04-13,1.300451393639776,1.5682050169056045
2023-04-14,1.295930168149446,1.5710076636793082
2023-04-17,1.29608294675496,1.5719800873226277
2023-04-18,1.3001423715054126,1.5761175998344386
2023-04-19,1.3029816762038509,1.5749066814349328
2023-04-20,1.3027979873590232,1.571180291052435
2023-04-21,1.2964917874878648,1.5668416559668685
2023-04-24,1.2964900644043265,1.5674075526478566
2023-04-25,1.2946209820235228,1.5509769884384663
2023-04-26,1.2888216109890502,1.538757311090595
2023-04-27,1.3142155114999432,1.5610801571260144
2023-04-28,1.3176638786014485,1.57320723060059
2023-05-01,1.3213617399166477,1.5703525026013931
2023-05-02,1.3045512021410184,1.539251895001065
2023-05-03,1.300110969554947,1.5272517221947353
2023-05-04,1.2960294125801757,1.5155483236251859
2023-05-05,1.3223231680572476,1.548598031268614
2023-05-08,1.3282906007584396,1.547110961169878
2023-05-09,1.3257259844876594,1.5440646901271604
2023-05-10,1.3407603510263675,1.5389628936761837
2023-05-11,1.3522453327857535,1.5481782033291704
2023-05-12,1.3521887699234167,1.547817342404927
2023-05-15,1.346743911139893,1.5513751101668052
2023-05-16,1.342068117514119,1.5390144950997338
2023-05-17,1.3462917266670842,1.5561585718147986
2023-05-18,1.361464821704588,1.5629815123661377
2023-05-19,1.3640962275459594,1.5656498961561272
2023-05-22,1.366843870660357,1.5647867207579802
2023-05-23,1.3471704878738617,1.557825446727085
2023-05-24,1.337680409684768,1.5461840680618557
2023-05-25,1.3377584076541666,1.5416156829799654
2023-05-26,1.3467151984926928,1.5533075606588103
2023-05-30,1.3445910380710682,1.5494413898987554
2023-05-31,1.342186188124464,1.54071790835128
2023-06-01,1.356630540602915,1.55790671807481
2023-06-02,1.371802456426726,1.5888430576929515
2023-06-05,1.3723495048825172,1.5845542147606837
2023-06-06,1.374676570858761,1.5931276939299976
2023-06-07,1.3547681994830132,1.5882056763752235
2023-06-08,1.3632951173532075,1.590888662315395
2023-06-09,1.3630045721802018,1.5903207909246015
2023-06-12,1.367428584778743,1.591355158237697
2023-06-13,1.373318623525713,1.5983308740613316
2023-06-14,1.3701352042096862,1.5931810011900462
2023-06-15,1.38873888756294,1.6080221458023298
2023-06-16,1.3847442640041687,1.602619772926205
2023-06-20,1.3774272776961136,1.5867737287323778
2023-06-21,1.3656100489887555,1.579267383057291
2023-06-22,1.3755542067282776,1.578150302692559
2023-06-23,1.370554415534571,1.5696700173264337
2023-06-26,1.351236358130634,1.565747651801477
2023-06-27,1.3573377482680327,1.569982073442583
2023-06-28,1.3543283885203623,1.5696441447385352
2023-06-29,1.3607714434613007,1.5817396896299523
2023-06-30,1.379723474077227,1.597276324450708
2023-07-03,1.3790180646156462,1.6027708086606005
2023-07-05,1.3807236369634819,1.6026288269192956
2023-07-06,1.3740355891032534,1.5824129702562872
2023-07-07,1.3663338387527,1.580364951956247
2023-07-10,1.3531028546532555,1.57531914165932
2023-07-11,1.3592413963587435,1.5919941035448457
2023-07-12,1.370610841875211,1.6046456293944793
2023-07-13,1.385935742073989,1.6147684943808809
2023-07-14,1.389397109781418,1.6049779767250434
2023-07-17,1.3973579329008905,1.612399467101692
2023-07-18,1.3993031163416179,1.6249253588322246
2023-07-19,1.4026886102065466,1.6345248866601667
2023-07-20,1.4038330351540134,1.6406226338825007
2023-07-21,1.4031717617165318,1.6386486525000798
2023-07-24,1.4084378078630342,1.650364368418251
2023-07-25,1.409588375317558,1.650328703013687
2023-07-26,1.4387331581631924,1.669388382063772
2023-07-27,1.4369883215286599,1.6558671996072147
2023-07-28,1.4422053239998682,1.6603686216826814
2023-07-31,1.4408048449627797,1.6698984373390124
2023-08-01,1.4326468784540867,1.6608339685446831
2023-08-02,1.4210363886561037,1.6437853089852354
2023-08-03,1.4049298030131256,1.6363621295716424
2023-08-04,1.3873226740992952,1.6251599807208075
2023-08-07,1.392566153900119,1.6356142493404748
2023-08-08,1.3830783511240667,1.6244937876696786
2023-08-09,1.3772772681517376,1.617689282694705
2023-08-10,1.3780309088081906,1.6186825283527817
2023-08-11,1.3772448512451423,1.6311291894412632
2023-08-14,1.3826888205894183,1.630574710971795
2023-08-15,1.364366912113195,1.6006916088138814
2023-08-16,1.3617995036116,1.59146807284027
2023-08-17,1.3552806450857784,1.5919844195457742
2023-08-18,1.3508765249949652,1.5924592640735897
2023-08-21,1.3518031041886045,1.5911320815114964
2023-08-22,1.3545544952770694,1.5827644073560752
2023-08-23,1.3782636181886823,1.5950500250026098
2023-08-24,1.3627625252951114,1.5824346306046058
2023-08-25,1.3725160863693662,1.5911488651611896
2023-08-28,1.3763269350350236,1.5982508530260098
2023-08-29,1.3932664652322562,1.611422045441119
2023-08-30,1.4012020783892347,1.6159582414268925
2023-08-31,1.3976972696018646,1.6106391249335066
2023-09-01,1.4001672154004163,1.6218307308568516
2023-09-05,1.3952000058474914,1.6223294787025457
2023-09-06,1.3872765554351352,1.6127825545283356
2023-09-07,1.3857796015027302,1.605942636426782
2023-09-08,1.3903962340882712,1.6129118381618686
2023-09-11,1.4012659589306875,1.6149437559226272
2023-09-12,1.3948483779223402,1.6226785997129702
2023-09-13,1.3966870341134299,1.6234267562252325
2023-09-14,1.4154380872480943,1.6435653261641487
2023-09-15,1.4042146027780233,1.6320363103515982
2023-09-18,1.4147153104762105,1.6357187139217553
2023-09-19,1.4184971018192498,1.6353783196564613
2023-09-20,1.3999511163829788,1.6182964701509548
2023-09-21,1.3831042739337083,1.5949261974264688
2023-09-22,1.3821476883011277,1.5924230144340858
2023-09-25,1.385002963147231,1.5953454874766104
2023-09-26,1.3679360196933266,1.5786324430369634
2023-09-27,1.3647298549647606,1.583642109362293
2023-09-28,1.3708546583654795,1.5890914434632755
2023-09-29,1.3605374408792776,1.5772104495214032
2023-10-02,1.36472472236975,1.5664008894109023
2023-10-03,1.3499910791963123,1.5477436545997372
2023-10-04,1.3685847174433692,1.5511151947146293
2023-10-05,1.3659527934667102,1.5431873522997648
2023-10-06,1.3737541234747341,1.5558018590950808
2023-10-09,1.384023631926771,1.573117239171726
2023-10-10,1.3841700563220682,1.5823773794129694
2023-10-11,1.394907889769576,1.5815175969850614
2023-10-12,1.373260111604364,1.5654562332226798
2023-10-13,1.3727054869935682,1.5699716614852814
2023-10-16,1.384779641517226,1.5853058444568464
2023-10-17,1.3856804534300335,1.5955680217668222
2023-10-18,1.3744677049711003,1.5879349511636296
2023-10-19,1.363003556389894,1.5782311054956006
2023-10-20,1.348480224526397,1.5530069219468228
2023-10-23,1.3464355964307069,1.538031875303644
2023-10-24,1.3602009128726888,1.5449807109116833
2023-10-25,1.3469519282369296,1.5393707083486456
2023-10-26,1.3245617164475416,1.527778794434673
2023-10-27,1.31036122280041,1.4976110805297465
2023-10-30,1.33024587865974,1.5170700753515902
2023-10-31,1.3314418206300347,1.5254021693620305
2023-11-01,1.359060493262126,1.5389320040890648
2023-11-02,1.387988067178697,1.5787173216356833
2023-11-03,1.3922072696071373,1.5848513358469376
2023-11-06,1.4015858389055107,1.586744444869012
2023-11-07,1.4067661008295156,1.582520468409916
2023-11-08,1.4134568137180434,1.5848430875855843
2023-11-09,1.408136606389227,1.575968977308607
2023-11-10,1.4277767677638415,1.5922259609480687
2023-11-13,1.4258444151480918,1.5946262682428536
2023-11-14,1.439350041874286,1.6155335281558587
2023-11-15,1.440079211837245,1.620502732373043
2023-11-16,1.4571172941327124,1.6239132397823253
2023-11-17,1.455727984813502,1.6342857166613602
2023-11-20,1.4658938054135218,1.6422441730014208
2023-11-21,1.4743084265162023,1.6438468851071681
2023-11-22,1.486233855928358,1.651822909094014
2023-11-24,1.481232816955814,1.651175959416457
2023-11-27,1.4807475937679475,1.647858314612787
2023-11-28,1.4809108840659972,1.651583265233648
2023-11-29,1.474901218054561,1.6522988637635196
2023-11-30,1.48228974425053,1.6603699839755561
2023-12-01,1.4902183382721688,1.6713461948599106
2023-12-04,1.4856780437253851,1.6646677566630814
2023-12-05,1.495807715746147,1.6628545894414668
2023-12-06,1.4897049362360573,1.653225572160571
2023-12-07,1.50885012244569,1.6662093448695563
2023-12-08,1.5058851592280176,1.6680640712625543
2023-12-11,1.5072745658201336,1.6712141770512425
2023-12-12,1.517725643157777,1.6735533886618994
2023-12-13,1.533057572019434,1.70147369561826
2023-12-14,1.520634816399935,1.7171732004574638
2023-12-15,1.5153623279600827,1.7115316263922766
2023-12-18,1.5229269957680782,1.7198741297506694
2023-12-19,1.526356150469159,1.730613258204745
2023-12-20,1.5102254135591697,1.7084313905124313
2023-12-21,1.5208850376515164,1.7219322110310042
2023-12-22,1.5270780662871308,1.729780258723228
2023-12-26,1.5298327632372084,1.7379902445763935
2023-12-27,1.5300158631730836,1.7377632124554971
2023-12-28,1.534955774085504,1.7360855764410463
2023-12-29,1.5362062777211702,1.7343635757082194
2024-01-02,1.5262914902031117,1.7348285011816564
2024-01-03,1.5188196825430702,1.732186787755033
2024-01-04,1.5076314916575353,1.7217909824021183
2024-01-05,1.504515557875389,1.7239067773352306
2024-01-08,1.5224071132357269,1.73122188845149
2024-01-09,1.5254039215303563,1.7208834988459856
2024-01-10,1.5275869892177232,1.7174825252973727
2024-01-11,1.527180416079442,1.7158217897951615
2024-01-12,1.531970666368181,1.720735681406103
2024-01-16,1.5290913726092528,1.7049495008384081
2024-01-17,1.527121343991865,1.7003000385803357
2024-01-18,1.539024527370696,1.7051091179956854
2024-01-19,1.563287924088024,1.723807442085306
2024-01-22,1.567348980483226,1.7300751639596996
2024-01-23,1.5776159978570998,1.7376381436624755
2024-01-24,1.578987670594372,1.7423432976428497
2024-01-25,1.590628638859124,1.7602975041795317
2024-01-26,1.5853621624114251,1.7725825989645934
2024-01-29,1.5914510016728802,1.7768965576512474
2024-01-30,1.5862031918567927,1.7869365363178826
2024-01-31,1.5532105118890391,1.7529013044713104
2024-02-01,1.5732322973685617,1.7681700345834814
2024-02-02,1.5732713678432717,1.7736072567893912
2024-02-05,1.5768591145895046,1.7711355822962345
2024-02-06,1.5792613579707504,1.7740659263137297
2024-02-07,1.5801267207967507,1.778308498597367
2024-02-08,1.571108127733438,1.7778325320006858
2024-02-09,1.5840924997778125,1.779907567582791
2024-02-12,1.5793848745134678,1.7834253768867252
2024-02-13,1.5421013946530013,1.751512258679829
2024-02-14,1.524828505466361,1.7441200285587526
2024-02-15,1.5341942493462364,1.770581068151298
2024-02-16,1.5231335403819857,1.7657002306812946
2024-02-20,1.53354260068659,1.7713765824263312
2024-02-21,1.5467812025259078,1.7822711618248248
2024-02-22,1.5637281706172355,1.7940819836597595
2024-02-23,1.5608697608032431,1.7923211995081878
2024-02-26,1.5381163525051953,1.7792897309871327
2024-02-27,1.5402265932637837,1.781553755721851
2024-02-28,1.5306304675182063,1.7755890144369426
2024-02-29,1.5292689152943806,1.7778060328736576
2024-03-01,1.524044173985823,1.7757722020707352
2024-03-04,1.5045998971090524,1.7622739997243273
2024-03-05,1.496613189589777,1.7571189340853668
2024-03-06,1.5004013249656243,1.76059067761723
2024-03-07,1.5030251242814374,1.7686092829429647
2024-03-08,1.5078485003697915,1.7713762566971736
2024-03-11,1.5234811330816944,1.786225843522509
2024-03-12,1.529370814022704,1.7915608794430855
2024-03-13,1.5308829771998866,1.800064047735217
2024-03-14,1.5331706049873546,1.800797438637552
2024-03-15,1.5278344240109512,1.7927915798515837
2024-03-18,1.5502859206752184,1.813222675335248
2024-03-19,1.5597707593665247,1.8236416098886503
2024-03-20,1.5711562250334752,1.8374538921299601
2024-03-21,1.5598138017172691,1.8355217639902526
2024-03-22,1.5630947880676735,1.8321488698118484
2024-03-25,1.5611857115782257,1.834143588292959
2024-03-26,1.5660779363625754,1.8324114092650192
2024-03-27,1.57693093624154,1.8503079640318036
2024-03-28,1.5799440782926968,1.8569418627556216
2024-04-01,1.5867709348818897,1.8629612143318555
2024-04-02,1.582003352662672,1.8590300075405541
2024-04-03,1.583178714881891,1.86234769761883
2024-04-04,1.5677570153249158,1.843884926497008
2024-04-05,1.5732261942504033,1.856573963101728
2024-04-08,1.5791028688541051,1.8608476986142866
2024-04-09,1.5809487858626776,1.8612989693986655
2024-04-10,1.5628941302684785,1.8428241643378618
2024-04-11,1.5758150116127683,1.8497772663326886
2024-04-12,1.5660972485796358,1.8347963271154026
2024-04-15,1.5520227476233264,1.8237366280346543
2024-04-16,1.5461873665432362,1.8079921422321146
2024-04-17,1.5502160022057696,1.8119273044330595
2024-04-18,1.5529846646888255,1.8189401030271686
2024-04-19,1.5571354771988322,1.847117064348969
2024-04-22,1.5716178600889625,1.8654797111010153
2024-04-23,1.577337322245624,1.8792448510976851
2024-04-24,1.5777561520731762,1.8828590334769244
2024-04-25,1.5703766918829434,1.878938308122043
2024-04-26,1.5998233029519922,1.8954176690592748
2024-04-29,1.6047068695197062,1.9022282171925577
2024-04-30,1.5875789421642834,1.8730060256611463
2024-05-01,1.5724465444104012,1.8555136252019804
2024-05-02,1.591849642739673,1.86950680179149
2024-05-03,1.6102131711188146,1.8799784540442288
2024-05-06,1.614122318113033,1.8921700307364389
2024-05-07,1.627122474147998,1.9022055278079002
2024-05-08,1.6261165361490135,1.8987280415886838
2024-05-09,1.636562432739092,1.9151871165475403
2024-05-10,1.636711043313102,1.918243613245884
2024-05-13,1.6429642973952021,1.9153074720891095
2024-05-14,1.6466605500649947,1.919116556216812
2024-05-15,1.6579269222970539,1.928319324008992
2024-05-16,1.6814002337823877,1.9418072905085135
2024-05-17,1.6979150975907598,1.9556113999457148
2024-05-20,1.6859293958535155,1.9431776677626529
2024-05-21,1.6927417290247768,1.9508562889103913
2024-05-22,1.6965986379258542,1.946447846056266
2024-05-23,1.666470166573422,1.916758955507114
2024-05-24,1.680289772171428,1.930194781719007
2024-05-28,1.6688966562156984,1.9228778935550022
2024-05-29,1.65848376027617,1.9065534342582122
2024-05-30,1.6539423201479968,1.9073019309681347
2024-05-31,1.6715453316573985,1.9382448818524949
2024-06-03,1.6721513411199624,1.9237779236276913
2024-06-04,1.6806931182374674,1.9273301269864078
2024-06-05,1.6795333816462816,1.9243047019807742
2024-06-06,1.6794272497394696,1.9245368949837274
2024-06-07,1.6793694258698526,1.9230467736506975
2024-06-10,1.6652396665068894,1.9180442124836088
2024-06-11,1.6900114043609713,1.9218526537435403
2024-06-12,1.7007749289498963,1.9244764092002045
2024-06-13,1.6927156831370773,1.9146140010149573
2024-06-14,1.6857094322212516,1.9127480484193877
2024-06-17,1.7039206888330134,1.9294735137549488
2024-06-18,1.7028969494300692,1.9357215768696063
2024-06-20,1.7042104965929314,1.9437444319332438
2024-06-21,1.707259883778312,1.9386216049369398
2024-06-24,1.7152408517950044,1.962824039534968
2024-06-25,1.7196206158582934,1.9595332237981236
2024-06-26,1.7105679703979633,1.949387427867518
2024-06-27,1.7166949205082762,1.951679751828873
2024-06-28,1.6966912936448537,1.945975604327826
2024-07-01,1.7044466325459786,1.952026763799799
2024-07-02,1.7203310037180617,1.9656859921282637
2024-07-03,1.7223532008609337,1.9668646543771464
2024-07-05,1.7416035750645849,1.9726693312612096
2024-07-08,1.7419760651259653,1.967836425336218
2024-07-09,1.7446150276096324,1.9735821268989955
2024-07-10,1.7603056206403416,1.989437166725039
2024-07-11,1.7517594325986068,1.9860400508076954
2024-07-12,1.7568233511233944,1.9891718788169757
2024-07-15,1.7709856347445179,2.00792751812162
2024-07-16,1.7791590474675387,2.0307000428480593
2024-07-17,1.7868503101767796,2.045458135051799
2024-07-18,1.766176595650077,2.0312466762358357
2024-07-19,1.7439775027219127,2.007265489909172
2024-07-22,1.7574899266634265,2.003769253464504
2024-07-23,1.762013525942723,2.002896761475459
2024-07-24,1.7184130710626897,1.9750502920122028
2024-07-25,1.713374823402493,1.9745422921912759
2024-07-26,1.7343756855274892,1.9946275837571414
2024-07-29,1.743896523107855,1.995540847706435
2024-07-30,1.7632262733956476,2.0178392376099747
2024-07-31,1.7828869156140281,2.024972072786402
2024-08-01,1.7758548193519434,2.002421711646761
2024-08-02,1.775342490423212,1.9721242091658153
2024-08-05,1.7156256452858947,1.9149175659170465
2024-08-06,1.708132463585572,1.9143500982859056
2024-08-07,1.7145605955040029,1.9179900585081469
2024-08-08,1.7434387875206292,1.9546250676728736
2024-08-09,1.7576044627224858,1.9666646872866098
2024-08-12,1.7399553106491668,1.9560633369490388
2024-08-13,1.7567271094015118,1.963195301683673
2024-08-14,1.755756840107138,1.9676337928534773
2024-08-15,1.7605688877279873,1.9821830915572765
2024-08-16,1.7720394464193878,1.9934495362982128
2024-08-19,1.7907875861024802,2.0078115372768117
2024-08-20,1.792179652911661,1.9968350160433381
2024-08-21,1.792191245132564,1.992684675537086
2024-08-22,1.7900518915300734,1.9953556558053824
2024-08-23,1.8054457576626504,2.0174478505697775
2024-08-26,1.8070747271038827,2.0258862578067536
2024-08-27,1.8086599492985997,2.0243251331326095
2024-08-28,1.7993795407056703,2.021380984933776
2024-08-29,1.805554060229325,2.03246647985068
2024-08-30,1.8201044877636794,2.0437582318790812
2024-09-03,1.7973536343581338,2.018615918609869
2024-09-04,1.804220701286296,2.0117762751645913
2024-09-05,1.8041887814797262,2.001304443258708
2024-09-06,1.778199615317911,1.9652689994871586
2024-09-09,1.7865935711032963,1.9840273359817036
2024-09-10,1.7798957973864304,1.9690722990846357
2024-09-11,1.7741346072286734,1.9669212389447375
2024-09-12,1.7883845554489766,1.9780551735021978
2024-09-13,1.798498279903322,1.9900514019074016
2024-09-16,1.7992760426594296,1.9993575905565304
2024-09-17,1.7947345424215884,2.006462942383834
2024-09-18,1.8027876262263502,2.00832024626736
2024-09-19,1.825662298152914,2.031791041685086
2024-09-20,1.8310358545925263,2.034358337666597
2024-09-23,1.8116650115291504,2.025515268347632
2024-09-24,1.811671370087643,2.0219263829045246
2024-09-25,1.8046835052865826,2.0076006534533444
2024-09-26,1.8100000991013614,2.0057788501540994
2024-09-27,1.8183231969177713,2.0224990132732734
2024-09-30,1.827545164156096,2.0338624779166397
2024-10-01,1.8223012873738322,2.0363162235261094
2024-10-02,1.810542006272846,2.0319959166945902
2024-10-03,1.8012231978480446,2.029257590876981
2024-10-04,1.8071512002837868,2.0450648276173533
2024-10-07,1.7711394358652952,2.019993080847957
2024-10-08,1.7954079203029953,2.021812896299472
2024-10-09,1.8012389931271362,2.028947870260262
2024-10-10,1.8022164635355373,2.0305814852157815
2024-10-11,1.8135684039702464,2.0540313520830384
2024-10-14,1.830492545844886,2.063260645816137
2024-10-15,1.843614575730004,2.057878299817294
2024-10-16,1.8500886531452878,2.068825987143972
2024-10-17,1.8552592515713398,2.0770896217629033
2024-10-18,1.862957508740884,2.0742452769512827
2024-10-21,1.8556575844774967,2.0608088437212357
2024-10-22,1.843095639424196,2.058929980430264
2024-10-23,1.8266817612253348,2.0411205494066618
2024-10-24,1.818625340930244,2.0351209578393954
2024-10-25,1.8120276127587853,2.0260698552328025
2024-10-28,1.824429831201942,2.0348051588072424
2024-10-29,1.8230597791501553,2.0245033282865132
2024-10-30,1.8108109976645281,2.0202223321748236
2024-10-31,1.788948328163229,2.00167849639174
2024-11-01,1.780350513527588,2.001155445606546
2024-11-04,1.773374211898997,1.9988205833588244
2024-11-05,1.7825905936487667,2.0103669177415564
2024-11-06,1.797367523555489,2.0541084910168994
2024-11-07,1.8080914958017604,2.0494515543433
2024-11-08,1.8182451161399114,2.05573619299649
2024-11-11,1.8128844846461993,2.0596464276446755
2024-11-12,1.8101084497191473,2.049730269352391
2024-11-13,1.8111814160452662,2.0570259896912932
2024-11-14,1.812208910279131,2.058927642195066
2024-11-15,1.7880566148551513,2.042004843136279
2024-11-18,1.7977497261608653,2.051939769557067
2024-11-19,1.7898137843557398,2.0453446767146346
2024-11-20,1.7932914631258354,2.0525212295036055
2024-11-21,1.7833561292706002,2.0578224881016616
2024-11-22,1.7904256483876229,2.073125295499836
2024-11-25,1.8152236313538133,2.085367647323814
2024-11-26,1.828002602552318,2.094984941576799
2024-11-27,1.8308306449352365,2.096832599904892
2024-11-29,1.836386908697492,2.1004627404148213
2024-12-02,1.8408834676246213,2.097577384079398
2024-12-03,1.8359984685279007,2.0928225157938036
2024-12-04,1.8390206529183388,2.0776752342884017
2024-12-05,1.8317623119566553,2.0768887663660727
2024-12-06,1.833135535079057,2.069457158948475
2024-12-09,1.840767844617351,2.072918885112724
2024-12-10,1.8584485626785279,2.0849148472398804
2024-12-11,1.8803166763659065,2.098722380851422
2024-12-12,1.8758111748372317,2.095584730098792
2024-12-13,1.8714275612097753,2.086662628915326
2024-12-16,1.8804365521332123,2.0792033013108817
2024-12-17,1.8836993020894521,2.078466083741491
2024-12-18,1.8316156680137803,2.023358462966361
2024-12-19,1.8278917904961511,2.0161656106645527
2024-12-20,1.84891945799251,2.045884208555061
2024-12-23,1.8643727867622524,2.055937688139271
2024-12-24,1.8804725323749718,2.074286806883093
2024-12-26,1.882571056000718,2.0762565870043153
2024-12-27,1.8694559642762754,2.067219070852979
2024-12-30,1.8520593542865325,2.0498903070321304
2024-12-31,1.8510293877565243,2.0564494694685895
2025-01-02,1.8368150438082695,2.054213381818876
2025-01-03,1.8425808822339156,2.0677247034411717
2025-01-06,1.837466752909018,2.0638506129068417
2025-01-07,1.822175895635541,2.0649882767112215
2025-01-08,1.822196442598655,2.0686408876206275
2025-01-10,1.768583219340941,2.028969259948557
2025-01-13,1.7758962825814508,2.0458257127267965
2025-01-14,1.779559190282938,2.054510399552354
2025-01-15,1.8084981056717866,2.088744395778712
2025-01-16,1.8047935807986777,2.0854262503262233
2025-01-17,1.809315149510012,2.0912296873414933
2025-01-21,1.8100824108195859,2.084999389878661
2025-01-22,1.8067508190207542,2.0760200671664797
2025-01-23,1.804425863621013,2.078944756077184
2025-01-24,1.8129417305669089,2.078044684477074
2025-01-27,1.8383408676240156,2.101757803742557
2025-01-28,1.843138621674291,2.095089169333781
2025-01-29,1.8487360808874345,2.0968397943399566
2025-01-30,1.8692263523700818,2.116092800652765
2025-01-31,1.863510698983882,2.0886058540462247
2025-02-03,1.8393950937679382,2.072608875142059
2025-02-04,1.8444933397222367,2.085878655866873
2025-02-05,1.8187117402998774,2.076367773817653
2025-02-06,1.8307259287159883,2.0834005854264595
2025-02-07,1.8103326001476823,2.069792136110583
2025-02-10,1.804639621527357,2.072749495368355
2025-02-11,1.8258730156071046,2.0980168462625852
2025-02-12,1.8082914987876526,2.0798604708036597
2025-02-13,1.8477641024214868,2.1077722467275284
2025-02-14,1.8387901080589477,2.1084278871732347
2025-02-18,1.8413952636305695,2.1143037568004406
2025-02-19,1.850452739610262,2.129039965489857
2025-02-20,1.851088191823674,2.128571330279782
2025-02-21,1.8442062631961695,2.1110360882786043
2025-02-24,1.8574549770775861,2.113774536134621
2025-02-25,1.8606623144803134,2.1081756556053324
2025-02-26,1.8241521877517535,2.084249779474765
2025-02-27,1.8176167308116924,2.0827234764386673
2025-02-28,1.842194342256333,2.1153417271716877
2025-03-03,1.8406479647233833,2.093702566861479
2025-03-04,1.8198024708646698,2.0527525364832155
2025-03-05,1.82842739525368,2.0498743991816792
2025-03-06,1.819817139647748,2.0397856218860886
2025-03-07,1.837744533576584,2.063181444191745
2025-03-10,1.803129166994448,2.030208847393434
2025-03-11,1.768148617932476,1.994496149920707
2025-03-12,1.7499361895694587,1.9842315140922202
2025-03-13,1.7299927428981972,1.9659601658616859
2025-03-14,1.757288298872787,2.003747010714868
2025-03-17,1.770000683981272,2.0208412667459292
2025-03-18,1.75212120807906,2.0125858065220465
2025-03-19,1.7662282363494128,2.0345429415475356
2025-03-20,1.7569418507274004,2.0327868249155494
2025-03-21,1.7606641090814996,2.03151000107416
2025-03-24,1.7751998918802459,2.049362262194761
2025-03-25,1.7919852487664523,2.066485604264623
2025-03-26,1.7835978171777984,2.0663081740213802
2025-03-27,1.7886269841585647,2.0644911205174217
2025-03-28,1.7556009139504123,2.0295041885906295
2025-03-31,1.7751822447669627,2.0531873214149976
2025-04-01,1.783067560392125,2.059164735476907
2025-04-02,1.7834203981772296,2.0613325218515777
2025-04-03,1.7236385914110055,1.9532764970894945
2025-04-04,1.6181963113241289,1.828457076738299
2025-04-07,1.585427802392,1.8005938003423398
2025-04-08,1.5556046483908355,1.7623815035929091
2025-04-09,1.6930099750808554,1.9102318176938875
2025-04-10,1.6483387706256756,1.836986200098532
2025-04-11,1.6820527060484685,1.8681078575556236
2025-04-14,1.7121503414930042,1.8951054033851344
2025-04-15,1.694945759922925,1.8911103326678314
2025-04-16,1.6612845025434246,1.8693543034908562
2025-04-17,1.6686715645523524,1.8857557646782204
2025-04-21,1.6440618486143013,1.853243385703593
2025-04-22,1.6922670786920513,1.9073504688569194
2025-04-23,1.7017369772934472,1.917583025953798
2025-04-24,1.7155100815656568,1.9386553263193018
2025-04-25,1.7167796491742406,1.9359385111006817
2025-04-28,1.712096009384549,1.9361473386563781
2025-04-29,1.7225762993268232,1.9442480015468175
2025-04-30,1.7305826861239888,1.93927327630145
2025-05-01,1.7258927741715269,1.9415916988991846
2025-05-02,1.7352790845289792,1.9622182753993909
2025-05-05,1.724712079600598,1.944508282487461
2025-05-06,1.719797646110598,1.941106036867864
2025-05-07,1.6942323750559827,1.9284977506211207
2025-05-08,1.707034201251994,1.9546324652986413
2025-05-09,1.700764595764504,1.9562005939252753
2025-05-12,1.747503881941499,2.0099000252198644
2025-05-13,1.7395532004893177,2.0136820011603507
2025-05-14,1.7371409798086968,2.0099486804894053
2025-05-15,1.7560102839001834,2.0247725216430488
2025-05-16,1.7682194052445908,2.0326750454284936
2025-05-19,1.7692126173283989,2.026928738249113
2025-05-20,1.7539518358870956,2.011278927779587
2025-05-21,1.7276067021775645,1.9770338143014865
2025-05-22,1.7246996956257497,1.9738727053522487
2025-05-23,1.704086643571245,1.9648094348068907
2025-05-27,1.7412737977937294,2.000223970316082
2025-05-28,1.7339342213318187,1.9882270817531396
2025-05-29,1.7468349941617478,2.0031614956164185
2025-05-30,1.7515470082550388,2.0011293810979875
2025-06-02,1.749854794036305,2.0054370725136863
2025-06-03,1.7462341232757213,2.013551909077007
2025-06-04,1.7452617051207382,2.0044645612243785
2025-06-05,1.7419204834827817,2.0002483359598378
2025-06-06,1.7641582053371216,2.0307907320737755
2025-06-09,1.7546326639333467,2.0295792536706765
2025-06-10,1.758536066172032,2.0411286855776614
2025-06-11,1.745215640817062,2.0370516500544134
2025-06-12,1.7459052816377312,2.0365815417322732
2025-06-13,1.7255424099976764,2.022309087850838
2025-06-16,1.73256760514782,2.0262783122334778
2025-06-17,1.7182519463435184,2.0203472211180418
2025-06-18,1.7113091720530533,2.017693828153157
2025-06-20,1.709067708479301,2.0218385553382605
2025-06-23,1.7183564443130928,2.023154544142636
2025-06-24,1.7285597150742362,2.0266790968975137
2025-06-25,1.7248854446058803,2.0230761018862786
2025-06-26,1.731348107510607,2.036128920668164
2025-06-27,1.745585413523783,2.0457770342534816
2025-06-30,1.7663842948337776,2.0575223697291047
2025-07-01,1.7814428648630234,2.082449845844375
2025-07-02,1.7855609870195277,2.0957055823735575
2025-07-03,1.7943741521292627,2.105211815207604
2025-07-07,1.7682851418481265,2.0807389990777074
2025-07-08,1.7658876935526604,2.086671749683127
2025-07-09,1.7749609557599708,2.0875257571123846
2025-07-10,1.782533133643058,2.1014707271373423
2025-07-11,1.787089403844244,2.1033180735884525
2025-07-14,1.7997463259224122,2.1014587301113865
2025-07-15,1.7810329801566567,2.06694086099068
2025-07-16,1.7968028328580856,2.0747708751246843
2025-07-17,1.8037379948342422,2.0959839966272997
2025-07-18,1.80110495836301,2.087157348571403
2025-07-21,1.8087732263353629,2.0861208797504753
2025-07-22,1.836981201591248,2.1064652383907285
2025-07-23,1.8316027604045304,2.1152112241675085
2025-07-24,1.8364446543470894,2.1232889542626565
2025-07-25,1.835804554561562,2.12474336066509
2025-07-28,1.8212394948909105,2.1174070193695282
2025-07-29,1.832160490936989,2.1256364990960632
2025-07-30,1.8276102423414007,2.1079700831280843
2025-07-31,1.8047694308367526,2.081413058265237
2025-08-01,1.781608621599507,2.05759734214805
2025-08-04,1.8001741170913668,2.0693974943750133
2025-08-05,1.7991030239219978,2.070194056405784
2025-08-06,1.8267307744137307,2.0831180873608695
2025-08-07,1.8415263484071966,2.0971070337742628
2025-08-08,1.871296155744101,2.1268446397212304
2025-08-11,1.8599787483801515,2.116420508408404
2025-08-12,1.8687722344375057,2.1359303837411625
2025-08-13,1.8923615960003604,2.1549456195392342
2025-08-14,1.8894094500420398,2.152344216820407
2025-08-15,1.88459514607556,2.146851636983693
2025-08-18,1.8702107862451214,2.138213779126361
2025-08-19,1.8748632669774548,2.140568592584705
2025-08-20,1.8701031375390025,2.1456290564749807
2025-08-21,1.8650339567567968,2.146708657603025
2025-08-22,1.8924887998546776,2.183729478905241
2025-08-25,1.8820294238115325,2.174402983141024
2025-08-26,1.8810107684427368,2.177030854157681
2025-08-27,1.8866258231914967,2.188948785539159
2025-08-28,1.8940006806080691,2.1983843986392695
2025-08-29,1.9085094077376674,2.2150322329297953
2025-09-02,1.8691054169799992,2.194670400843596
2025-09-03,1.9309314336929242,2.21112240551821
2025-09-04,1.9411156889692331,2.22275851285714
2025-09-05,1.9461994471219706,2.2102111637197073
2025-09-08,1.9432883539358272,2.2028464836966104
2025-09-09,1.943061117571432,2.207145662163324
2025-09-10,1.9286943779910555,2.208601564064529
2025-09-11,1.9514412567788453,2.2270444308044066
2025-09-12,1.941851718070611,2.2128075940836895
2025-09-15,1.9482488630610357,2.2161703291445396
2025-09-16,1.9506366629771268,2.232089362085478
2025-09-17,1.9496968779684543,2.2417287571833864
2025-09-18,1.937565111165313,2.2388387400293195
2025-09-19,1.957345858854415,2.24065755588447
2025-09-22,1.9751340299052547,2.246707814064691
2025-09-23,1.96880786835966,2.2493901950847914
2025-09-24,1.96285619310819,2.2492537762384313
2025-09-25,1.9524651369984098,2.2448194791812277
2025-09-26,1.961843538245314,2.2532154357243237
2025-09-29,1.9528052914732645,2.247894928426547
2025-09-30,1.956991791537736,2.235894172611695
2025-10-01,1.9663364036035347,2.237617828162728
2025-10-02,1.9689190005306287,2.2191169351736466
2025-10-03,1.9755546565367825,2.228616208822731
2025-10-06,1.9718071700000501,2.2281592489375304
2025-10-07,1.974458155911013,2.2297867769797497
2025-10-08,1.9681976800199545,2.2160876197673027
2025-10-09,1.9545710586365517,2.2038704710194654
2025-10-10,1.9263144875468137,2.1643923764388417
2025-10-13,1.9328860620234642,2.1787437736259676
2025-10-14,1.9492147703767497,2.2022341227320665
2025-10-15,1.9458409050972731,2.204616918500114
2025-10-16,1.9204432674447502,2.174117442949648
2025-10-17,1.9387313684889416,2.2078578148261183
2025-10-20,1.9646861909562985,2.23045154650293
2025-10-21,1.9643816915178642,2.2391247420086624
2025-10-22,1.9615390833233992,2.239440239147347
2025-10-23,1.9764118137046356,2.2575318001638363
2025-10-24,1.9976437083619738,2.2710469420880357
2025-10-27,2.02960037782904,2.2930576700448184
2025-10-28,2.0137309812304895,2.2736988362107358
2025-10-29,1.9953739099222283,2.254491543490678
2025-10-30,2.0174433103938085,2.269752059961595
2025-10-31,2.0174538363187517,2.2814604282903503
2025-11-03,2.0192430093952245,2.273551294746632
2025-11-04,2.021271739578325,2.2705796095065143
2025-11-05,2.0265689810747536,2.268830745475527
2025-11-06,2.0157476642327232,2.2717402439519274
2025-11-07,2.02617458160181,2.2926620800871707
2025-11-10,2.0445196666966874,2.307132142025498
2025-11-11,2.072642212279589,2.330052922905008
2025-11-12,2.066501905277687,2.326095221621447
2025-11-13,2.0592376399409185,2.3141560741409815
2025-11-14,2.0429250114823057,2.3064644629959177
2025-11-17,2.036161191016772,2.275981034748919
2025-11-18,2.042728588668479,2.2869935513187984
2025-11-19,2.054467125550862,2.2889527996930163
2025-11-20,2.052113799972144,2.2794949561180218
2025-11-21,2.087750739454096,2.31415938526252
2025-11-24,2.1156818194705664,2.3317408834451827
2025-11-25,2.1361888863036556,2.3479589919498127
2025-11-26,2.1366314015521257,2.353823996230997
2025-11-28,2.144931480600539,2.3687900085126734
2025-12-01,2.135602233294865,2.3605861302802533
2025-12-02,2.136036462219162,2.3511095236799693
2025-12-03,2.1438064214436525,2.3694016999592664
2025-12-04,2.1255666300895903,2.362643117031741
2025-12-05,2.1298383330349777,2.3584699924418837
2025-12-08,2.116896436914352,2.3388131150815514
2025-12-09,2.1205352900259724,2.3405092125832945
2025-12-10,2.117117850618792,2.3559791861153134
2025-12-11,2.12473519786214,2.3602866676216725
2025-12-12,2.126304088631799,2.3651658769798787
2025-12-15,2.1258239262686156,2.3618618545466554
2025-12-16,2.130108605981635,2.346629623963142
2025-12-17,2.1211635331935628,2.3531614835415473
2025-12-18,2.126074731678668,2.3454534688130413
2025-12-19,2.134983832642683,2.3537976555393496
2025-12-22,2.1341991631842916,2.366307577253587
2025-12-23,2.142765327173756,2.371246876848308
2025-12-24,2.1520776749011663,2.378364021375638
2025-12-26,2.155111966436389,2.3759589464686046
2025-12-29,2.1584271125452554,2.3766062890872095
2025-12-30,2.157779974386369,2.382675457606294
2025-12-31,2.144628321319912,2.3696706958969402
2026-01-02,2.135912491366753,2.3812692548858254
2026-01-05,2.151979915771153,2.400359499847362
2026-01-06,2.1332509483636555,2.385716345866076
2026-01-07,2.1264073545426916,2.364475036868309
2026-01-08,2.1452515204904667,2.405720509389154
2026-01-09,2.141611879928096,2.4038520528186815
2026-01-12,2.1493679786199507,2.3946333978206162
2026-01-13,2.149728335051411,2.399032605548925
2026-01-14,2.163905449700787,2.4092579780280277
2026-01-15,2.1586999640387496,2.3952217435416436
2026-01-16,2.1369267549717055,2.3872467117164735
2026-01-20,2.099241547193754,2.3545197990709705
2026-01-21,2.089742567528045,2.3639869306167034
2026-01-22,2.1052696738863586,2.377508325544642
2026-01-23,2.105377555373743,2.378831945686444
2026-01-26,2.1363489798424435,2.3978323188374486
2026-01-27,2.1367913907216627,2.4051936073165288
2026-01-28,2.127669223993271,2.3979151363241136
2026-01-29,2.135209637541404,2.4152047102717034
2026-01-30,2.1527703732494525,2.4338533072867765
2026-02-02,2.176733050002659,2.4408696992388954
2026-02-03,2.1419395544172954,2.4398608206904173
2026-02-04,2.1686382314530808,2.475593473010379
2026-02-05,2.1638855633944245,2.4640759697933916
2026-02-06,2.1545114949763424,2.47955762872753
2026-02-09,2.14126108398036,2.472692433993553
2026-02-10,2.108826287100655,2.445721601723936
2026-02-11,2.09993808894765,2.4431832279912293
2026-02-12,2.072343220385846,2.4011109527799963
2026-02-13,2.068611278213868,2.399171415983225
2026-02-17,2.065401822232362,2.4033223147180287
2026-02-18,2.0945265361026326,2.4346139818188632
2026-02-19,2.0870575255681163,2.447327622755924
2026-02-20,2.11907107154107,2.4731945081282802
2026-02-23,2.111496011004068,2.4480434991497524
2026-02-24,2.143600845632844,2.4617258718159953
2026-02-25,2.1530493504807713,2.4714433253197363
2026-02-26,2.1630183138451717,2.488688940494759
2026-02-27,2.15805472384378,2.4692464486726404
2026-03-02,2.1428611182508486,2.464234759206285
2026-03-03,2.1248775221027585,2.4488073613772734
2026-03-04,2.1200233101580084,2.4426232745230725
2026-03-05,2.113629390665239,2.433469947758167
2026-03-06,2.1143681807950143,2.4290285471762503
2026-03-09,2.115075246185616,2.434751073319139
2026-03-10,2.095592316283561,2.4140241147122925
2026-03-11,2.0795802045299068,2.42439583553707
2026-03-12,2.040641788573662,2.410334549897458
2026-03-13,2.0383633150584535,2.403793497456859
2026-03-16,2.0535006443970834,2.4119578716700256
2026-03-17,2.0750999387491498,2.430107560198033
2026-03-18,2.0432533047706496,2.4028670724491663
2026-03-19,2.026903688751933,2.4016523298108754
2026-03-20,2.0117332998380975,2.3962528208012444
2026-03-23,2.0223426473606128,2.413307560976477
2026-03-24,1.9966165326950498,2.4053841745002558
2026-03-25,1.9990786004816405,2.410830410530876
2026-03-26,1.9919906476314417,2.4144438330937885
2026-03-27,1.9718160060348469,2.4009217001186025
2026-03-30,1.9869663335994974,2.4204196098789437
2026-03-31,2.026172031477373,2.4465426808936295
2026-04-01,2.0428780119439445,2.436854021914404
2026-04-02,2.0539887989078642,2.450638684368895
2026-04-06,2.079924524900267,2.4754392134578125
2026-04-07,2.0669355270370073,2.468908189727117
2026-04-08,2.103385777831347,2.487477764913906
2026-04-09,2.104931182639967,2.4879367073024734
2026-04-10,2.0827184929305997,2.4636585370654953
2026-04-13,2.0889743756462957,2.4804987835904
2026-04-14,2.0908430224553545,2.464751471270474
2026-04-15,2.1168353369330237,2.483442210673805
2026-04-16,2.1248087823869186,2.4904745774391155
2026-04-17,2.1504147274173278,2.4947367078520135
2026-04-20,2.147779125048301,2.493364533332664
2026-04-21,2.124766536690989,2.4873789599178133
2026-04-22,2.144804013511726,2.503179705637586
2026-04-23,2.1428490597113803,2.498862075911868
2026-04-24,2.1403194478541567,2.4867754798287116
2026-04-27,2.144270944945348,2.491824858388593
2026-04-28,2.16433768952439,2.5215988426396887
2026-04-29,2.1586981595149686,2.535258549022406
2026-04-30,2.2115035595405326,2.57532419303271
2026-05-01,2.216658330374664,2.562470750120053
2026-05-04,2.1997001611686944,2.5549933892010417
2026-05-05,2.2211144627919985,2.5668569757238306
2026-05-06,2.2410571445403265,2.559765691225945
2026-05-07,2.2595544429544203,2.5519757871726836
2026-05-08,2.270085705636121,2.5432578755867192
2026-05-11,2.2404068201029896,2.5351467257674507
2026-05-12,2.2501322808382707,2.5546891277405
2026-05-13,2.248622134345979,2.5456770043651527
2026-05-14,2.248439450762141,2.552692071541264
2026-05-15,2.2419906775976197,2.5689602462001457
2026-05-18,2.270732802109648,2.597460652028983
2026-05-19,2.2510659995460593,2.5943696059355785
2026-05-20,2.27003912297805,2.5916630356723176
2026-05-21,2.2766118935990534,2.5948127863422408
2026-05-22,2.282223135787652,2.6027888286325775
2026-05-26,2.288309568604981,2.589014538939263
2026-05-27,2.295850035162139,2.587267392916027
2026-05-28,2.2940881441779175,2.5857532000600676
2026-05-29,2.2696260020529877,2.5688821984134
2026-06-01,2.2574665352090717,2.5731040902219413
2026-06-02,2.240739227033468,2.5686789079851957
2026-06-03,2.2147658276467888,2.551305173972804
2026-06-04,2.230023369974591,2.566600179927059
2026-06-05,2.249245449093431,2.5756985293836077
2026-06-08,2.2495327754181353,2.58144173901665
